{
  "-1" : {
    "transaction" : "-1",
    "sampleCount" : 10,
    "errorCount" : 0,
    "errorPct" : 0.0,
    "meanResTime" : 335.90000000000003,
    "medianResTime" : 288.5,
    "minResTime" : 264.0,
    "maxResTime" : 523.0,
    "pct1ResTime" : 518.8,
    "pct2ResTime" : 523.0,
    "pct3ResTime" : 523.0,
    "throughput" : 8.968609865470851,
    "receivedKBytesPerSec" : 2.680072869955157,
    "sentKBytesPerSec" : 18.480241031390136
  },
  "-2" : {
    "transaction" : "-2",
    "sampleCount" : 10,
    "errorCount" : 0,
    "errorPct" : 0.0,
    "meanResTime" : 115.1,
    "medianResTime" : 103.0,
    "minResTime" : 96.0,
    "maxResTime" : 180.0,
    "pct1ResTime" : 177.70000000000002,
    "pct2ResTime" : 180.0,
    "pct3ResTime" : 180.0,
    "throughput" : 12.239902080783354,
    "receivedKBytesPerSec" : 16.811935817013463,
    "sentKBytesPerSec" : 5.008319308445532
  },
  "-9-1" : {
    "transaction" : "-9-1",
    "sampleCount" : 10,
    "errorCount" : 0,
    "errorPct" : 0.0,
    "meanResTime" : 330.70000000000005,
    "medianResTime" : 317.5,
    "minResTime" : 266.0,
    "maxResTime" : 418.0,
    "pct1ResTime" : 417.8,
    "pct2ResTime" : 418.0,
    "pct3ResTime" : 418.0,
    "throughput" : 8.19000819000819,
    "receivedKBytesPerSec" : 738.5067951474201,
    "sentKBytesPerSec" : 7.630144348894349
  },
  "-3" : {
    "transaction" : "-3",
    "sampleCount" : 10,
    "errorCount" : 0,
    "errorPct" : 0.0,
    "meanResTime" : 263.7,
    "medianResTime" : 251.5,
    "minResTime" : 244.0,
    "maxResTime" : 321.0,
    "pct1ResTime" : 319.7,
    "pct2ResTime" : 321.0,
    "pct3ResTime" : 321.0,
    "throughput" : 10.976948408342482,
    "receivedKBytesPerSec" : 15.548890299121844,
    "sentKBytesPerSec" : 4.50226399560922
  },
  "-4" : {
    "transaction" : "-4",
    "sampleCount" : 10,
    "errorCount" : 0,
    "errorPct" : 0.0,
    "meanResTime" : 117.79999999999998,
    "medianResTime" : 111.5,
    "minResTime" : 96.0,
    "maxResTime" : 161.0,
    "pct1ResTime" : 158.60000000000002,
    "pct2ResTime" : 161.0,
    "pct3ResTime" : 161.0,
    "throughput" : 12.135922330097086,
    "receivedKBytesPerSec" : 17.124213061286408,
    "sentKBytesPerSec" : 4.9894758798543695
  },
  "-5" : {
    "transaction" : "-5",
    "sampleCount" : 10,
    "errorCount" : 0,
    "errorPct" : 0.0,
    "meanResTime" : 108.7,
    "medianResTime" : 103.0,
    "minResTime" : 94.0,
    "maxResTime" : 161.0,
    "pct1ResTime" : 156.5,
    "pct2ResTime" : 161.0,
    "pct3ResTime" : 161.0,
    "throughput" : 12.239902080783354,
    "receivedKBytesPerSec" : 17.24104957160343,
    "sentKBytesPerSec" : 5.0441783965728275
  },
  "-19-1" : {
    "transaction" : "-19-1",
    "sampleCount" : 6,
    "errorCount" : 0,
    "errorPct" : 0.0,
    "meanResTime" : 612.6666666666667,
    "medianResTime" : 325.5,
    "minResTime" : 180.0,
    "maxResTime" : 1424.0,
    "pct1ResTime" : 1424.0,
    "pct2ResTime" : 1424.0,
    "pct3ResTime" : 1424.0,
    "throughput" : 2.782931354359926,
    "receivedKBytesPerSec" : 2.142005594851577,
    "sentKBytesPerSec" : 3.9542628130797772
  },
  "-6" : {
    "transaction" : "-6",
    "sampleCount" : 10,
    "errorCount" : 0,
    "errorPct" : 0.0,
    "meanResTime" : 163.0,
    "medianResTime" : 119.0,
    "minResTime" : 101.0,
    "maxResTime" : 453.0,
    "pct1ResTime" : 428.4000000000001,
    "pct2ResTime" : 453.0,
    "pct3ResTime" : 453.0,
    "throughput" : 11.534025374855824,
    "receivedKBytesPerSec" : 16.348129325259517,
    "sentKBytesPerSec" : 4.764543685121107
  },
  "-19-0" : {
    "transaction" : "-19-0",
    "sampleCount" : 6,
    "errorCount" : 0,
    "errorPct" : 0.0,
    "meanResTime" : 764.1666666666666,
    "medianResTime" : 548.0,
    "minResTime" : 209.0,
    "maxResTime" : 2374.0,
    "pct1ResTime" : 2374.0,
    "pct2ResTime" : 2374.0,
    "pct3ResTime" : 2374.0,
    "throughput" : 2.4630541871921183,
    "receivedKBytesPerSec" : 3.1798414408866997,
    "sentKBytesPerSec" : 2.1816310036945814
  },
  "-7" : {
    "transaction" : "-7",
    "sampleCount" : 10,
    "errorCount" : 0,
    "errorPct" : 0.0,
    "meanResTime" : 107.2,
    "medianResTime" : 105.0,
    "minResTime" : 102.0,
    "maxResTime" : 130.0,
    "pct1ResTime" : 127.80000000000001,
    "pct2ResTime" : 130.0,
    "pct3ResTime" : 130.0,
    "throughput" : 11.454753722794958,
    "receivedKBytesPerSec" : 16.49641144043528,
    "sentKBytesPerSec" : 4.742983963344788
  },
  "-8" : {
    "transaction" : "-8",
    "sampleCount" : 10,
    "errorCount" : 0,
    "errorPct" : 0.0,
    "meanResTime" : 204.3,
    "medianResTime" : 156.5,
    "minResTime" : 100.0,
    "maxResTime" : 446.0,
    "pct1ResTime" : 444.0,
    "pct2ResTime" : 446.0,
    "pct3ResTime" : 446.0,
    "throughput" : 10.869565217391305,
    "receivedKBytesPerSec" : 15.88293987771739,
    "sentKBytesPerSec" : 4.511294157608695
  },
  "-9" : {
    "transaction" : "-9",
    "sampleCount" : 10,
    "errorCount" : 0,
    "errorPct" : 0.0,
    "meanResTime" : 676.6,
    "medianResTime" : 612.5,
    "minResTime" : 499.0,
    "maxResTime" : 1035.0,
    "pct1ResTime" : 1020.2,
    "pct2ResTime" : 1035.0,
    "pct3ResTime" : 1035.0,
    "throughput" : 7.047216349541931,
    "receivedKBytesPerSec" : 643.0433513918252,
    "sentKBytesPerSec" : 11.596249559548978
  },
  "-10" : {
    "transaction" : "-10",
    "sampleCount" : 10,
    "errorCount" : 0,
    "errorPct" : 0.0,
    "meanResTime" : 591.9000000000001,
    "medianResTime" : 208.0,
    "minResTime" : 171.0,
    "maxResTime" : 3917.0,
    "pct1ResTime" : 3556.200000000001,
    "pct2ResTime" : 3917.0,
    "pct3ResTime" : 3917.0,
    "throughput" : 2.118195297606439,
    "receivedKBytesPerSec" : 0.46956087163736493,
    "sentKBytesPerSec" : 0.8667224899385724
  },
  "-11" : {
    "transaction" : "-11",
    "sampleCount" : 9,
    "errorCount" : 0,
    "errorPct" : 0.0,
    "meanResTime" : 86.66666666666667,
    "medianResTime" : 61.0,
    "minResTime" : 45.0,
    "maxResTime" : 308.0,
    "pct1ResTime" : 308.0,
    "pct2ResTime" : 308.0,
    "pct3ResTime" : 308.0,
    "throughput" : 9.911894273127754,
    "receivedKBytesPerSec" : 2.197265625,
    "sentKBytesPerSec" : 4.055745801211454
  },
  "-22" : {
    "transaction" : "-22",
    "sampleCount" : 1,
    "errorCount" : 0,
    "errorPct" : 0.0,
    "meanResTime" : 469.0,
    "medianResTime" : 469.0,
    "minResTime" : 469.0,
    "maxResTime" : 469.0,
    "pct1ResTime" : 469.0,
    "pct2ResTime" : 469.0,
    "pct3ResTime" : 469.0,
    "throughput" : 2.1321961620469083,
    "receivedKBytesPerSec" : 0.472664578891258,
    "sentKBytesPerSec" : 0.8724513592750534
  },
  "-12" : {
    "transaction" : "-12",
    "sampleCount" : 9,
    "errorCount" : 0,
    "errorPct" : 0.0,
    "meanResTime" : 927.2222222222222,
    "medianResTime" : 635.0,
    "minResTime" : 234.0,
    "maxResTime" : 2129.0,
    "pct1ResTime" : 2129.0,
    "pct2ResTime" : 2129.0,
    "pct3ResTime" : 2129.0,
    "throughput" : 3.6101083032490977,
    "receivedKBytesPerSec" : 6.813217634376254,
    "sentKBytesPerSec" : 4.477380415162455
  },
  "-13" : {
    "transaction" : "-13",
    "sampleCount" : 9,
    "errorCount" : 0,
    "errorPct" : 0.0,
    "meanResTime" : 142.66666666666666,
    "medianResTime" : 123.0,
    "minResTime" : 88.0,
    "maxResTime" : 236.0,
    "pct1ResTime" : 236.0,
    "pct2ResTime" : 236.0,
    "pct3ResTime" : 236.0,
    "throughput" : 3.8910505836575875,
    "receivedKBytesPerSec" : 8.019803150670125,
    "sentKBytesPerSec" : 4.734618190661478
  },
  "-14" : {
    "transaction" : "-14",
    "sampleCount" : 8,
    "errorCount" : 0,
    "errorPct" : 0.0,
    "meanResTime" : 102.875,
    "medianResTime" : 67.0,
    "minResTime" : 46.0,
    "maxResTime" : 325.0,
    "pct1ResTime" : 325.0,
    "pct2ResTime" : 325.0,
    "pct3ResTime" : 325.0,
    "throughput" : 3.5842293906810037,
    "receivedKBytesPerSec" : 0.7945508512544802,
    "sentKBytesPerSec" : 1.4665938620071683
  },
  "-17" : {
    "transaction" : "-17",
    "sampleCount" : 7,